|Title|Username|Date|Comments|Upvotes|Link
0|Take your time, you got this (i.redd.it)|SrGrafo|Sat Jul 13 16:28:13 2019 UTC|3590|269752|https://old.reddit.com/r/gaming/comments/ccr8c8/take_your_time_you_got_this/
1|My parents (late 70s) got me a ps5 controller for Christmas. I do not own a playstation 5... (i.redd.it)|Yabba_Dabbs|Fri Dec 25 19:07:30 2020 UTC|5533|241202|https://old.reddit.com/r/gaming/comments/kk478s/my_parents_late_70s_got_me_a_ps5_controller_for/
2|I got off the horse by accident right before a cutscene in red dead (gfycat.com)|springfart|Sat Dec 1 01:37:22 2018 UTC|2206|227161|https://old.reddit.com/r/gaming/comments/a1yofz/i_got_off_the_horse_by_accident_right_before_a/
3|boy gamer (i.redd.it)|velabas|Mon Mar 1 15:41:09 2021 UTC|6610|220465|https://old.reddit.com/r/gaming/comments/lvcakc/boy_gamer/
4|Minesweeper 99 x 99, 1500 mines. Took me about 2.5 hours to finish, nerve-wracking. No one might care, but just wanted to share this. (i.redd.it)|OtterDeity|Mon Feb 14 16:52:26 2022 UTC|2767|200535|https://old.reddit.com/r/gaming/comments/ssf7zr/minesweeper_99_x_99_1500_mines_took_me_about_25/
5|The perfect cosplay doesnâ€™t ex... (i.imgur.com)|MisterT12|Sat May 2 19:56:36 2020 UTC|1807|197042|https://old.reddit.com/r/gaming/comments/gccrdd/the_perfect_cosplay_doesnt_ex/
6|'Play until we lose' (i.redd.it)|Shitty_Watercolour|Sun Dec 9 14:30:42 2018 UTC|1442|193384|https://old.reddit.com/r/gaming/comments/a4lc3z/play_until_we_lose/
7|Can we please boycott Star Wars battlefront 2 (self.gaming)|TheMadPuma|Mon Nov 13 16:58:39 2017 UTC|12109|182122|https://old.reddit.com/r/gaming/comments/7cog1u/can_we_please_boycott_star_wars_battlefront_2/
8|As a teen in the 80s, my conservative God-fearing family wouldn't let me own Dungeons & Dragons. Thirty years later, my son and I are starting our D & D journey. (i.redd.it)|Oven_Kid|Mon Dec 25 12:11:26 2017 UTC|4935|175355|https://old.reddit.com/r/gaming/comments/7m13gd/as_a_teen_in_the_80s_my_conservative_godfearing/
9|EA removed the refund button on their webpage, and now you have to call them and wait to get a refund. (self.gaming)|puga1505|Tue Nov 14 12:21:10 2017 UTC|9529|175255|https://old.reddit.com/r/gaming/comments/7cv8hc/ea_removed_the_refund_button_on_their_webpage_and/
10|Train Simulator is so immersive! (media.giphy.com)|JSark|Fri Sep 15 16:35:13 2017 UTC|2236|174090|https://old.reddit.com/r/gaming/comments/70azv1/train_simulator_is_so_immersive/
11|How the Grim Reaper sends good boys to the afterlife in The Sims 3 (gfycat.com)|CanYouPetTheDog|Tue May 10 17:28:12 2022 UTC|2749|174091|https://old.reddit.com/r/gaming/comments/umnzo3/how_the_grim_reaper_sends_good_boys_to_the/
12|Been gaming with this dude for 15 years. Since Rainbow Six Vegas on 360. I have some good gaming memories with him. He tried but couldnâ€™t get one. Little did he know I was able to get him one. Looking forward to playing another generation with him. (i.redd.it)|ghost_knight1121|Mon Nov 16 17:29:50 2020 UTC|3565|173365|https://old.reddit.com/r/gaming/comments/jvawxo/been_gaming_with_this_dude_for_15_years_since/
13|EA will no longer have exclusive rights of the Star Wars games (starwars.com)|PrikroyMan|Wed Jan 13 15:10:00 2021 UTC|8522|173218|https://old.reddit.com/r/gaming/comments/kwi9yr/ea_will_no_longer_have_exclusive_rights_of_the/
14|Thanks JerryHappy Black History Month (i.redd.it)|DylanP3692|Mon Feb 1 18:50:07 2021 UTC|2229|172835|https://old.reddit.com/r/gaming/comments/laar3i/happy_black_history_month/
15|Don't gamble it, be patient (i.redd.it)|SrGrafo|Mon Jun 14 20:08:00 2021 UTC|6977|170867|https://old.reddit.com/r/gaming/comments/nzvpb2/dont_gamble_it_be_patient/
16|Increasing poly count doesn't always make sense. (i.redd.it)|Ledoux88|Mon Nov 15 23:03:00 2021 UTC|4648|169311|https://old.reddit.com/r/gaming/comments/quszkv/increasing_poly_count_doesnt_always_make_sense/
17|Both photos are me, two years and 220 pounds lighter. Luigi-time! (i.imgur.com)|Kureiton84|Sat Oct 31 16:57:38 2020 UTC|1731|167733|https://old.reddit.com/r/gaming/comments/jlltye/both_photos_are_me_two_years_and_220_pounds/
18|I found out today that my grandpa ordered a better gaming rig than myself and any of my friends (i.redd.it)|bunzthomas|Sun Jul 5 17:33:20 2020 UTC|2597|167193|https://old.reddit.com/r/gaming/comments/hlqiz0/i_found_out_today_that_my_grandpa_ordered_a/
19|Very relevant (i.redd.it)|Nicko9522|Thu Nov 12 21:17:56 2020 UTC|5731|166001|https://old.reddit.com/r/gaming/comments/jt3gie/very_relevant/
20|They asked him what gaming chair he was using. (i.redd.it)|dkrwld1070|Thu Dec 6 21:33:32 2018 UTC|2564|163777|https://old.reddit.com/r/gaming/comments/a3sl7m/they_asked_him_what_gaming_chair_he_was_using/
21|Join the Battle for Net Neutrality! Net Neutrality will die in a month and will affect online gamers, streamers, and many other websites and services, unless YOU fight for it! (self.gaming)|synbios16|Tue Nov 21 18:49:41 2017 UTC|4578|163388|https://old.reddit.com/r/gaming/comments/7ek4q6/join_the_battle_for_net_neutrality_net_neutrality/
22|Life is difficult, have some mercy (i.imgur.com)|braddda|Sun Feb 7 00:28:33 2021 UTC|2212|163307|https://old.reddit.com/r/gaming/comments/leaxcf/life_is_difficult_have_some_mercy/
23|Video games are great, but sometimes it's nice to unplug and play a game of Jenga with your cat (gfycat.com)|RespectMyAuthoriteh|Tue Jun 5 21:45:52 2018 UTC|1117|163180|https://old.reddit.com/r/gaming/comments/8ouvwv/video_games_are_great_but_sometimes_its_nice_to/
24|This one goes out to all the Twitch gamers who try their best (i.redd.it)|prguitarman|Mon Aug 31 02:56:01 2020 UTC|3689|162925|https://old.reddit.com/r/gaming/comments/ijq6tx/this_one_goes_out_to_all_the_twitch_gamers_who/
25|Intimidation at its finest. (i.imgur.com)|Ace_Of_Caydes|Wed Oct 31 14:25:06 2018 UTC|2146|162567|https://old.reddit.com/r/gaming/comments/9sz7en/intimidation_at_its_finest/
26|Just Nintendo things (i.redd.it)|Gabriel711|Mon Feb 22 19:26:54 2021 UTC|3123|162505|https://old.reddit.com/r/gaming/comments/lpxdvk/just_nintendo_things/
27|"I am that guy that makes sculptures in Minecraft. Here is my latest, and only sculpture for 2018. I call it ""Aquasomnia"" (i.imgur.com)"|Dr_Bond|Tue Jan 1 12:34:05 2019 UTC|1496|162501|https://old.reddit.com/r/gaming/comments/abhvqy/i_am_that_guy_that_makes_sculptures_in_minecraft/
28|I built a chainsaw carving simulator in VR. Waddya think? (gfycat.com)|push_matrix|Tue Nov 10 14:27:55 2020 UTC|2618|162292|https://old.reddit.com/r/gaming/comments/jrlvbr/i_built_a_chainsaw_carving_simulator_in_vr_waddya/
29|I made another cyberpunk scene in minecraft (i.redd.it)|Deltagon|Mon Oct 26 18:17:58 2020 UTC|2477|160694|https://old.reddit.com/r/gaming/comments/jijwhs/i_made_another_cyberpunk_scene_in_minecraft/
30|Red vs Blue was ahead of it's time (i.imgur.com)|PKAJohn|Sat Jan 5 13:11:17 2019 UTC|1693|158188|https://old.reddit.com/r/gaming/comments/acu0z3/red_vs_blue_was_ahead_of_its_time/
31|[Misleading Title]In South Park: The Fractured but Whole, the difficulty setting changes the colour of your skin. (i.imgur.com)|Ewanbb|Thu Sep 7 16:23:15 2017 UTC|6244|155133|https://old.reddit.com/r/gaming/comments/6yoa4m/in_south_park_the_fractured_but_whole_the/
32|The life of a gamer parent (i.redd.it)|gammalantern|Thu Dec 10 11:47:24 2020 UTC|1973|154542|https://old.reddit.com/r/gaming/comments/kadyah/the_life_of_a_gamer_parent/
33|When I was kid I used to play the floor is lava with shadows, now I'm making my shadow game a reality! (i.redd.it)|Ewoud2001|Tue Oct 13 17:45:47 2020 UTC|2253|153954|https://old.reddit.com/r/gaming/comments/jaift9/when_i_was_kid_i_used_to_play_the_floor_is_lava/
34|Little bro had been saving up for a PS4, so big bro surprises him with one on his birthday. (gfycat.com)|WhatTheFuckKanye|Thu Jan 10 12:43:08 2019 UTC|4466|153920|https://old.reddit.com/r/gaming/comments/aeish3/little_bro_had_been_saving_up_for_a_ps4_so_big/
35|It's VR Jenga but your fingers get longer after every move. You in? (gfycat.com)|push_matrix|Tue Mar 10 13:43:53 2020 UTC|1993|153721|https://old.reddit.com/r/gaming/comments/fge0er/its_vr_jenga_but_your_fingers_get_longer_after/
36|Itâ€™s still a work in progress but this is our his and hers set up so far! (i.redd.it)|perses777|Wed May 6 15:14:41 2020 UTC|5538|153663|https://old.reddit.com/r/gaming/comments/gelw3r/its_still_a_work_in_progress_but_this_is_our_his/
37|I'm not that good, but this happened... (gfycat.com)|flinchFries|Sat Aug 29 23:14:27 2020 UTC|2384|153566|https://old.reddit.com/r/gaming/comments/ij2bs8/im_not_that_good_but_this_happened/
38|Playing Spiderman when I found a building that looked familiar... (media.giphy.com)|Robusto923|Mon Sep 24 19:56:09 2018 UTC|3490|153451|https://old.reddit.com/r/gaming/comments/9il92t/playing_spiderman_when_i_found_a_building_that/
39|It's a shame... (i.redd.it)|o0poppei0o|Sun Oct 22 14:22:10 2017 UTC|3737|151908|https://old.reddit.com/r/gaming/comments/780gg2/its_a_shame/
40|Don't fund your annoyance (i.redd.it)|SrGrafo|Tue Jan 26 20:42:52 2021 UTC|4489|150868|https://old.reddit.com/r/gaming/comments/l5n562/dont_fund_your_annoyance/
41|Bill Gates selling the first copy of Halo 3 at a Best Buy (2007) (i.redd.it)|Swag420BlazeItUpBruh|Tue Jul 14 14:07:58 2020 UTC|2565|150135|https://old.reddit.com/r/gaming/comments/hr25vi/bill_gates_selling_the_first_copy_of_halo_3_at_a/
42|Story Driven Rpgs... (i.redd.it)|SrGrafo|Tue Jan 15 16:01:19 2019 UTC|3921|150066|https://old.reddit.com/r/gaming/comments/ag9ypc/story_driven_rpgs/
43|I'm developing a multiplayer game where you hunt Ghosts! ðŸ‘» (gfycat.com)|sephar3d|Fri Aug 23 16:11:08 2019 UTC|5058|149575|https://old.reddit.com/r/gaming/comments/cufzra/im_developing_a_multiplayer_game_where_you_hunt/
44|Pretty please (i.redd.it)|authorsofwrestling|Tue May 25 01:05:56 2021 UTC|2522|148513|https://old.reddit.com/r/gaming/comments/nkdc5p/pretty_please/
45|You Gotta Swing Real Hard to Win (i.redd.it)|DanbyDraws|Wed Feb 10 22:15:25 2021 UTC|1070|148464|https://old.reddit.com/r/gaming/comments/lh5hdz/you_gotta_swing_real_hard_to_win/
46|EA deleted my Origin account and EA help is totally ignoring me. (self.gaming)|FlyingOfficer|Sat Aug 11 05:30:32 2018 UTC|7911|147945|https://old.reddit.com/r/gaming/comments/96e9j5/ea_deleted_my_origin_account_and_ea_help_is/
47|The Silver Snipers are a CS:GO team in Sweden where the youngest member is 62 and the oldest 81. They say playing CS has helped to give them a confidence boost and serve as a sort of mental gymnastics (i.imgur.com)|dickfromaccounting|Sun Dec 10 18:00:30 2017 UTC|2700|147870|https://old.reddit.com/r/gaming/comments/7ivfka/the_silver_snipers_are_a_csgo_team_in_sweden/
48|Anyone else guilty? (i.redd.it)|srichard22|Tue Feb 26 21:06:20 2019 UTC|1900|147609|https://old.reddit.com/r/gaming/comments/av4kpi/anyone_else_guilty/
49|Despite its bugs, Cyberpunk 2077 has some of the best shading I've ever seen. (media.giphy.com)|CmdrThunderpunch|Fri Dec 25 11:16:11 2020 UTC|2034|146984|https://old.reddit.com/r/gaming/comments/kjxgos/despite_its_bugs_cyberpunk_2077_has_some_of_the/
50|My friends have been working on their VR vs PC game for almost two years, pretty proud of them! (gfycat.com)|SUBZERO-08|Wed Apr 7 18:04:11 2021 UTC|3160|146689|https://old.reddit.com/r/gaming/comments/mm81fm/my_friends_have_been_working_on_their_vr_vs_pc/
51|gamer moment (i.redd.it)|NonRock|Sun Feb 7 13:27:51 2021 UTC|1570|146388|https://old.reddit.com/r/gaming/comments/lemff7/gamer_moment/
52|Employees thanking loyal customers after second SEGA store in Akihabara closes after 17 years (i.redd.it)|Palifaith|Mon Aug 31 08:39:36 2020 UTC|2424|146288|https://old.reddit.com/r/gaming/comments/ijue2m/employees_thanking_loyal_customers_after_second/
53|I make voxel art in Minecraft, this is my latest piece! I call it the 'Perfect Marionette' (i.imgur.com)|Dr_Bond|Wed Oct 11 18:45:47 2017 UTC|1989|146155|https://old.reddit.com/r/gaming/comments/75r625/i_make_voxel_art_in_minecraft_this_is_my_latest/
54|The best thing of Gaming (i.redd.it)|SrGrafo|Fri Jan 18 15:40:35 2019 UTC|3928|146028|https://old.reddit.com/r/gaming/comments/ahboa5/the_best_thing_of_gaming/
55|If you went back in time and showed this to 12-year-old me, it might've broken my brain (i.imgur.com)|old_gold_mountain|Tue Mar 9 05:52:37 2021 UTC|4113|145726|https://old.reddit.com/r/gaming/comments/m102oh/if_you_went_back_in_time_and_showed_this_to/
56|checkmate gamers ðŸ˜Ž (i.redd.it)|Migz616|Mon Jul 19 03:13:24 2021 UTC|3167|145583|https://old.reddit.com/r/gaming/comments/on5oep/checkmate_gamers/
57|So Ubisoft has a new logo (i.imgur.com)|_NITRISS_|Thu Jun 1 00:01:23 2017 UTC|2133|145518|https://old.reddit.com/r/gaming/comments/6ej1gb/so_ubisoft_has_a_new_logo/
58|R.I.P TotalBiscuit (self.gaming)|Armless_Void|Thu May 24 22:59:29 2018 UTC|5460|145160|https://old.reddit.com/r/gaming/comments/8lwzqs/rip_totalbiscuit/
59|[Fall Guys] Tricking a crowd can be risky (i.redd.it)|EYE-CHAiN|Tue Sep 1 15:42:01 2020 UTC|1803|145143|https://old.reddit.com/r/gaming/comments/ikmlyr/fall_guys_tricking_a_crowd_can_be_risky/
60|Why Jedis should never come to the dark side of the map (i.imgur.com)|BlackBox-|Sat Jan 18 17:20:09 2020 UTC|2360|144980|https://old.reddit.com/r/gaming/comments/eqj7z0/why_jedis_should_never_come_to_the_dark_side_of/
61|I love money (i.redd.it)|NextHammer|Fri Jun 12 00:23:09 2020 UTC|3647|144403|https://old.reddit.com/r/gaming/comments/h7a5o7/i_love_money/
62|My Grandma has played Wii Fit everyday for over 10 years! (i.redd.it)|gperk69|Mon Feb 25 17:35:29 2019 UTC|1853|143726|https://old.reddit.com/r/gaming/comments/aunujz/my_grandma_has_played_wii_fit_everyday_for_over/
63|I just passed 1 year working on my solo project Song of Iron and 6 months since you all changed my life and blew up my first post. I've made a ton of changes based on your feedback, What do you think? (i.redd.it)|ABiggerBear|Mon Aug 24 14:27:52 2020 UTC|3980|142676|https://old.reddit.com/r/gaming/comments/ifq0go/i_just_passed_1_year_working_on_my_solo_project/
64|"""Valve announces Half-Life: Alyx, its first flagship VR game"" (theverge.com)"|drewhead118|Mon Nov 18 23:46:28 2019 UTC|15185|142521|https://old.reddit.com/r/gaming/comments/dybtxg/valve_announces_halflife_alyx_its_first_flagship/
65|Free Games (i.redd.it)|SrGrafo|Mon Dec 28 19:40:06 2020 UTC|1849|142471|https://old.reddit.com/r/gaming/comments/klxchh/free_games/
66|Seems fair... (i.redd.it)|T_Money22|Thu Dec 21 19:42:50 2017 UTC|1568|142239|https://old.reddit.com/r/gaming/comments/7lbvd6/seems_fair/
67|This holiday season... (i.redd.it)|cdq1985|Wed Sep 23 15:04:09 2020 UTC|4621|141080|https://old.reddit.com/r/gaming/comments/iybtnb/this_holiday_season/
68|Cool new card from Activision Blizzard's Hearthstone! (i.redd.it)|Ladlien|Tue Oct 8 09:40:36 2019 UTC|5133|140894|https://old.reddit.com/r/gaming/comments/dexong/cool_new_card_from_activision_blizzards/
69|Found this accidently in World War Z. Thought that might be funny ^^ (gfycat.com)|redgalaxy95|Sun Apr 19 14:54:22 2020 UTC|1341|140640|https://old.reddit.com/r/gaming/comments/g48ybj/found_this_accidently_in_world_war_z_thought_that/
70|Escort Missions (i.redd.it)|SrGrafo|Mon Jan 21 15:39:07 2019 UTC|2657|140530|https://old.reddit.com/r/gaming/comments/aib7nu/escort_missions/
71|This is why we don't use YouTube guides. (i.redd.it)|RangoTheMerc|Fri Sep 18 10:35:26 2020 UTC|3592|140166|https://old.reddit.com/r/gaming/comments/iv3nmc/this_is_why_we_dont_use_youtube_guides/
72|Log in into your Microsoft account to comment in this post (i.redd.it)|SrGrafo|Tue Jan 18 20:11:39 2022 UTC|6020|139925|https://old.reddit.com/r/gaming/comments/s76lrq/log_in_into_your_microsoft_account_to_comment_in/
73|Itâ€™s time (i.redd.it)|Try2GetFamous|Thu Apr 11 14:37:58 2019 UTC|2362|139611|https://old.reddit.com/r/gaming/comments/bc0muw/its_time/
74|Last Fallout 76 player officially deemed the loneliest person on earth (i.redd.it)|NachNach16|Sun Mar 3 19:47:36 2019 UTC|2861|139354|https://old.reddit.com/r/gaming/comments/awxpoh/last_fallout_76_player_officially_deemed_the/
75|My 79yo father exercises with Wii fit almost every morning (imgur.com)|AmbivalenceForNow|Mon Dec 24 18:25:21 2018 UTC|1608|139049|https://old.reddit.com/r/gaming/comments/a97diy/my_79yo_father_exercises_with_wii_fit_almost/
76|The classic trio (i.imgur.com)|MattCloudy|Wed Nov 28 22:15:04 2018 UTC|1185|138586|https://old.reddit.com/r/gaming/comments/a1b0ck/the_classic_trio/
77|Unlocking Everything in Battlefront II Requires 4528 hours or $2100 (resetera.com)|via13021995|Wed Nov 15 11:34:57 2017 UTC|9273|138540|https://old.reddit.com/r/gaming/comments/7d3iqg/unlocking_everything_in_battlefront_ii_requires/
78|How to avoid headcrabs in VR (i.redd.it)|Miguli|Sun Mar 22 20:37:17 2020 UTC|2807|138275|https://old.reddit.com/r/gaming/comments/fn6qd5/how_to_avoid_headcrabs_in_vr/
79|99x99 grid, 1500 mines, first success after probably 2 years of attempts. I can finally retire!!! (i.redd.it)|metalleo|Tue Jun 15 15:17:39 2021 UTC|2748|137919|https://old.reddit.com/r/gaming/comments/o0grqd/99x99_grid_1500_mines_first_success_after/
80|Why did the chicken cross the road? Because you didn't freaking COOK IT! (i.redd.it)|dfpcmaia|Tue Jan 28 21:38:07 2020 UTC|1163|137841|https://old.reddit.com/r/gaming/comments/evc3f5/why_did_the_chicken_cross_the_road_because_you/
81|Why games should be played in VR (i.imgur.com)|St0pX|Sat Dec 29 14:33:11 2018 UTC|1638|137732|https://old.reddit.com/r/gaming/comments/aalmvc/why_games_should_be_played_in_vr/
82|EAâ€™s stock is falling, and itâ€™s because of us. They are flipping out, so keep it up! (google.com)|pileofbrains|Fri Nov 17 17:37:12 2017 UTC|6535|137665|https://old.reddit.com/r/gaming/comments/7dmku8/eas_stock_is_falling_and_its_because_of_us_they/
83|The voice actors recreated the scene lol. (i.redd.it)|phantom-52|Tue Jan 12 23:19:47 2021 UTC|837|137572|https://old.reddit.com/r/gaming/comments/kw3fwe/the_voice_actors_recreated_the_scene_lol/
84|It's been 8 years my friends (i.redd.it)|yoloman0805|Tue Oct 20 22:10:29 2020 UTC|2073|137290|https://old.reddit.com/r/gaming/comments/jezwed/its_been_8_years_my_friends/
85|Cannonball! ... erm... (gfycat.com)|Stuf404|Mon Sep 10 20:52:17 2018 UTC|2395|137002|https://old.reddit.com/r/gaming/comments/9eqzb6/cannonball_erm/
86|Remember when Satoru Iwata cut his salary by 50% for 5 months due to the commercial failure of the Wii U, instead of firing people...these companies should take note. (i.redd.it)|ThatBoiRen|Tue Feb 26 14:37:24 2019 UTC|2844|136845|https://old.reddit.com/r/gaming/comments/av04ew/remember_when_satoru_iwata_cut_his_salary_by_50/
87|The Stride of Pride (i.imgur.com)|HoorainHarmon|Sat Dec 5 21:04:42 2020 UTC|1487|136565|https://old.reddit.com/r/gaming/comments/k7fqaa/the_stride_of_pride/
88|GTA through the years. (i.redd.it)|[Deleted]|Fri Jun 12 12:54:24 2020 UTC|4957|136100|https://old.reddit.com/r/gaming/comments/h7k5w0/gta_through_the_years/
89|[X-Post] Remember my XBOX ONE AD CONCEPT? Microsoft just copied it! (i.redd.it)|[Deleted]|Wed Dec 27 07:29:15 2017 UTC|3414|135795|https://old.reddit.com/r/gaming/comments/7mdmjo/xpost_remember_my_xbox_one_ad_concept_microsoft/
90|14 years of graphics improvements, all so we can properly digitize keanu. (i.imgur.com)|Juxtaposed_Reality|Mon Jun 10 02:50:44 2019 UTC|1596|135513|https://old.reddit.com/r/gaming/comments/bysksn/14_years_of_graphics_improvements_all_so_we_can/
91|"A player in Elden Ring named ""Let me solo her"" has been soloing Malenia, one of the game's hardest bosses for players with nothing but a jar on his head and 2 katanas, and often without taking any damage. Recently he's been worshiped and has had art and figures made in his honor. (i.redd.it)"|CaptainRedBeard35|Thu Apr 14 22:44:42 2022 UTC|2875|135300|https://old.reddit.com/r/gaming/comments/u3th5f/a_player_in_elden_ring_named_let_me_solo_her_has/
92|its been my dream to be a game dev forever, and today at 20 yrs old i deployed my first ever finished game to a local muesum. 1000s of lines of code, 75% mine, all done in under 3 weeks. (i.redd.it)|birdsunlimited|Tue Jul 30 21:45:58 2019 UTC|1017|135053|https://old.reddit.com/r/gaming/comments/cjyndn/its_been_my_dream_to_be_a_game_dev_forever_and/
93|I made a BIG F-key to pay BIG respects (gfycat.com)|Jaryd_Giesen|Wed Sep 1 11:37:26 2021 UTC|1435|134803|https://old.reddit.com/r/gaming/comments/pfs2fl/i_made_a_big_fkey_to_pay_big_respects/
94|Been working in games for over 10 years thought it was time I made my own. What do you think? (i.redd.it)|ABiggerBear|Mon Mar 2 15:28:41 2020 UTC|5064|134658|https://old.reddit.com/r/gaming/comments/fcdo5u/been_working_in_games_for_over_10_years_thought/
95|Fallout 76 200$ Collectors Edition Comes With Nylon Bag Instead of Canvas (i.redd.it)|[Deleted]|Wed Nov 28 15:57:45 2018 UTC|9998|134405|https://old.reddit.com/r/gaming/comments/a17g0s/fallout_76_200_collectors_edition_comes_with/
96|A friend of mine passed away recently. His parents used this as his urn. I hope he respawns into a better server next time. (i.redd.it)|Forsaken330|Thu Aug 1 16:01:48 2019 UTC|2736|134300|https://old.reddit.com/r/gaming/comments/ckqaam/a_friend_of_mine_passed_away_recently_his_parents/
97|'There are no winners in war, only losers' (i.imgur.com)|Arandomkiwi5|Sun Nov 19 13:50:57 2017 UTC|2392|134232|https://old.reddit.com/r/gaming/comments/7e0onu/there_are_no_winners_in_war_only_losers/
98|I'm working on a game where you build a village on a giant, wandering creature (gfycat.com)|BonsaiMink|Tue Oct 13 16:56:47 2020 UTC|3456|133856|https://old.reddit.com/r/gaming/comments/jahg7z/im_working_on_a_game_where_you_build_a_village_on/
99|The struggle of having a job (i.redd.it)|Lumberjammer|Wed Dec 19 16:31:46 2018 UTC|2784|133800|https://old.reddit.com/r/gaming/comments/a7nym6/the_struggle_of_having_a_job/
